source_url,target_url,anchor_text,alt_text,nofollow,path_type
"https://campbellwindowfilm.com/laminated-glass-vs-tempered-glass/","https://campbellwindowfilm.com/laminated-glass-vs-tempered-glass/","Resources","","false","3"
"https://campbellwindowfilm.com/laminated-glass-vs-tempered-glass/","https://campbellwindowfilm.com/laminated-glass-vs-tempered-glass/","Residential Services","","false","3"
"https://campbellwindowfilm.com/laminated-glass-vs-tempered-glass/","https://campbellwindowfilm.com/laminated-glass-vs-tempered-glass/","Commercial Services","","false","3"
"https://campbellwindowfilm.com/laminated-glass-vs-tempered-glass/","https://campbellwindowfilm.com/laminated-glass-vs-tempered-glass/","Services","","false","3"
"https://campbellwindowfilm.com/laminated-glass-vs-tempered-glass/","https://campbellwindowfilm.com/laminated-glass-vs-tempered-glass/","Products","","false","3"
"https://campbellwindowfilm.com/laminated-glass-vs-tempered-glass/","https://campbellwindowfilm.com/laminated-glass-vs-tempered-glass/","Resources","","false","3"
"https://campbellwindowfilm.com/laminated-glass-vs-tempered-glass/","https://campbellwindowfilm.com/laminated-glass-vs-tempered-glass/","Residential Services","","false","3"
"https://campbellwindowfilm.com/laminated-glass-vs-tempered-glass/","https://campbellwindowfilm.com/laminated-glass-vs-tempered-glass/","Commercial Services","","false","3"
"https://campbellwindowfilm.com/laminated-glass-vs-tempered-glass/","https://campbellwindowfilm.com/laminated-glass-vs-tempered-glass/","Services","","false","3"
"https://campbellwindowfilm.com/laminated-glass-vs-tempered-glass/","https://campbellwindowfilm.com/laminated-glass-vs-tempered-glass/","Products","","false","3"
"https://campbellwindowfilm.com/laminated-glass-vs-tempered-glass/","https://campbellwindowfilm.com/laminated-glass-vs-tempered-glass/","Skip to content","","false","3"
"https://campbellwindowfilm.com/safety-glass-vs-tempered-glass/","https://campbellwindowfilm.com/laminated-glass-vs-tempered-glass/","laminated and tempered glass","","false","2"
"https://campbellwindowfilm.com/sitemap/","https://campbellwindowfilm.com/laminated-glass-vs-tempered-glass/","Laminated Glass vs. Tempered Glass: What’s Better for Commercial Property Security?","","false","2"
